{"BatchSize":4,"SerializedLayers":[{"Type":3,"UnderlyingSerializedLayer":{"Bias":[-3.6854774859816174E-07,-9.91394480961334E-06],"Weights":[[-1.3979956946799314E-06,9.8896655800171884E-06],[-1.0526784506143587E-05,-2.6876879174063468E-05]],"ActivatorType":3,"GradientAdjustmentParameters":{"LearningRate":0.1,"Type":0},"Type":0},"PenaltyCoefficient":0.1},{"Type":3,"UnderlyingSerializedLayer":{"Bias":[0.22727272727399375],"Weights":[[-1.6709585438144105E-05],[1.1940417884392674E-05]],"ActivatorType":3,"GradientAdjustmentParameters":{"LearningRate":0.1,"Type":0},"Type":0},"PenaltyCoefficient":0.1}]}