{"Mean":-0.25271254307123259,"StdDev":1.2425545139126803,"Min":-0.97283367303940937,"Max":8.8679348560329174,"Median":-0.68495809133151853,"LowerQuantile":-0.86252791242116911,"UpperQuantile":-0.22622160666245592}