{"Mean":0.48244844326165665,"StdDev":2.8028842848872215,"Min":-1.1353740294701262,"Max":86.215627258458639,"Median":0.031774584789876575,"LowerQuantile":-0.27221877488643292,"UpperQuantile":0.528463169614486}