{"Mean":0.40527324042272461,"StdDev":2.5119934908966304,"Min":-0.72415699021973323,"Max":97.222265165597122,"Median":0.004159082657967968,"LowerQuantile":-0.16036010354684557,"UpperQuantile":0.31492787969816755}