{"BatchSize":4,"SerializedLayers":[{"Bias":[0.0,0.0],"Weights":[[-0.03238256428825826,0.22907991251546897],[-0.24383785823952828,-0.6225643405297645]],"ActivatorType":2,"GradientAdjustmentParameters":{"LearningRate":0.1,"Type":0},"Type":0},{"Bias":[0.0],"Weights":[[-0.38705357015046415],[0.27658264702920882]],"ActivatorType":2,"GradientAdjustmentParameters":{"LearningRate":0.1,"Type":0},"Type":0}]}
